danish,english,ukranian
"Vi starter med nogle introducerende spørgsmål for at høre lidt om dig, så hvis du vil fortælle lidt om hvem du er og hvad der fik dig til at blive radiograf.","Let's start with some introductory questions to learn a bit about you. So, if you could tell us a little about yourself and what led you to become a radiographer.","Давайте почнемо з деяких вступних питань, щоб дізнатися трохи про вас. Отже, розкажіть трохи про себе, і чому ви стали радіографом."
"Nå, jamen jeg hedder Sonja, og hvor gammel er jeg, ja, jeg er 28, ja. Jeg har været radiograf i 6 år og, åh, jeg tror helt tilbage da jeg gik i gymnasiet og vi skulle finde ud af hvad vi skulle være og alt sådan noget, var vi ude på lidt forskellige uddannelser. Jeg aner ikke hvad jeg skulle være. Det har altid tiltalt mig at arbejde med mennesker, jeg har altid været overbevist om at jeg ikke skulle være sygeplejerske, øhm, og jeg ved faktisk ikke præcist hvordan jeg havnede i faget her. Andet end at jeg jo har hørt om det, og nå jamen, det lød jo meget interessant. Og så søgte jeg bare ind.","Well, my name is and how old am I, well, I'm 28, yes. I've been a radiographer for 6 years, and, oh, I think way back when I was in high school and we had to figure out what we wanted to be and all that stuff, we were exploring different professions. I had no idea what I wanted to be. I've always been drawn to working with people, I've always been convinced I shouldn't be a nurse, um, and I don't actually know exactly how I ended up in this field. Other than that, I've heard about it, and well, it sounded quite interesting. So I just applied.","Мене звуть Соня, а скільки мені років,  мені 28. Я працюю радіографом 6 років, думаю, ще з часів школи, коли нам потрібно було визначитися, ким ми хочемо бути, ми розглядали різні професії. Я поняття не мала, ким хочу бути. Я завжди тягнулася до роботи з людьми, я завжди була переконана, що мені не слід бути медсестрою, і я насправді не до кінця розумію, як я потрапила в цю галузь. Окрім цього, я почула про це, і це звучало досить цікаво. Так що я просто подала заявку."
Kan du fortælle lidt om dine arbejdsområder? Hvad du laver her?,Can you tell us about your areas of work? What do you do here?,Чи можете ви розповісти про ваші робочі задачі? Що саме ви робите тут?
"Jeg sidder i vores CT team, så jeg laver mest CT scanning. Og så er jeg også i vores røntgenafsnit, men mest i CT. ","I'm part of our CT team, so I mostly do CT scanning. And I also work in our radiography department, but mostly in CT.","Я частина нашої команди КТ, тому я в основному роблю сканування КТ. І я також працюю в нашому відділенні радіографії, але переважно в КТ."
Hvordan ser en typisk arbejdsdag ud for dig?,What does a typical workday look like for you?,Як виглядає типовий робочий день для вас?
"Jamen, det kan svinge lidt med hvornår jeg møder. Altså hvis jeg har almindelig dagvagt, så møder vi jo ind 07:30, og så er der lige morgen introduktion, og så kommer vi ned i rummene. Og så bruger vi hele dagen med forskellige patienter. Og, så, nogle dage har vi studerende på, som man har ansvaret for, eller som i dag hvor man har oplæring af en ny kollega.","Well, it can vary a bit depending on when I start. So if I have a regular day shift, we start at 07:30, and then there's a morning briefing, and then we go down to the rooms. And then we spend the whole day with different patients. And, some days we have students, whom we are responsible for, or like today, when we have training for a new colleague.","Ну, по-різному, залежно від того, коли я починаю. Так що, якщо у мене звичайна денна зміна, ми починаємо о 07:30, потім йде ранковий брифінг, і тоді ми йдемо до кімнат. І потім ми проводимо весь день з різними пацієнтами. У деякі дні ми маємо студентів, за яких ми відповідаємо, або, як сьогодні, коли ми навчаємо нового колегу."
Ja,Yeah.,Так.
"Så er det lidt forskelligt, hvad, hvad for nogle ekstra opgaver man har udover patienter.","So it's a bit different, what extra tasks you have besides patients.","По-різному,  залежно від  додаткових задач, окрім пацієнтів."
Ja. Og hvor mange patienter er du så i kontakt med i løbet af sådan en typisk arbejdsdag?,Yes. And how many patients do you come into contact with during such a typical workday?,Так. А зі скількома пацієнтами ви контактуєте під час такого типового робочого дня?
"Hvis vi sidder i scanneren, så er det nok en 20 patienter. Hvis jeg er i røntgen, så kan vi godt være 40. Så det varierer meget, og også, hvis det nu er fx sådan er at jeg har vagt, så kan det også godt svinge meget sådan i antallet af hvad jeg har af patienter. ","If we're in the scanner, it's probably around 20 patients. If I'm in radiography, it can be up to 40. So it varies a lot, and also, if I'm on call, for example, it can also vary greatly in the number of patients I have.","Якщо ми в сканері, то це, напевне, близько 20 пацієнтів. Якщо я в радіографії, то це може бути до 40. Дуже по-різному, і також, якщо я на чергуванні, наприклад, то це також зовсім інша кількість пацієнтів."
"Ja, jamen hvordan foregår sådan en typisk undersøgelse når du skal samarbejde med en patient?","Yes, well, how does a typical examination proceed when you have to collaborate with a patient?","Як проходить типове обстеження, коли вам потрібно взаємодіяти з пацієнтом?"
"Øhm, jamen altså, de bliver jo ankomst registreret, patienterne, de ligger nærmest som en perle på en snor, vi har 20 minutter til hver patient i scanneren, og så er det jo egentlig bare at man går ud og kalder på patienterne, de kommer ind, og så lige kort giver en forklaring på hvad der skal scannes. Hvis jeg fx skal lave en thorax-abdomen - er det fint, at jeg bruger fagtermer?","Um, well, they get checked in upon arrival, the patients, they're lined up almost like pearls on a string, we have 20 minutes for each patient in the scanner, and then it's just a matter of going out and calling the patients, they come in, and then briefly explaining what will be scanned. If, for example, I have to do a thoracic-abdominal scan - is it okay if I use technical terms?","Емм, ну, їх реєструють по прибуттю, пацієнтів, вони вишикуються у чергу, майже як перли на нитці. У нас є 20 хвилин на кожного пацієнта в сканері, і тоді просто треба вийти за двері та покликати пацієнта. Вони заходять, і ми коротко пояснюємо, що буде скануватися. Якщо, наприклад, мені треба зробити сканування грудно-черевної ділянки - чи можу я використовувати технічні терміни?"
"Ja, ja.","Yes, yes.","Так, так."
"Okay, jamen hvis jeg skal lave thorax-abdomen canning, så vil jeg altid forklare “Jamen jeg skal scanne lunger og mave, så du skal fjerne alt metal i det område” og så spørger jeg ind til “Er det noget I har prøvet før” og også fordi vi skal give kontrast væske, så er det også noget vi spørger om de har prøvet det før. Så skal man spørge ind til en masse, øhm, kontraindikationer, i forhold til om jeg må give det her kontrastvæske til patienterne, sådan så, det, det plejer at være meget formelt egentligt. Hvis patienterne er nervøse, så prøver vi at distrahere, eller prøver i hvert fald prøver at se om man kan komme ind på noget smalltalk af en eller anden art. ","Okay, well if I have to do a thoracic-abdominal scan, I'll always explain ""Well, I'm going to scan the lungs and abdomen, so you need to remove all metal in that area"" and then I ask ""Is this something you've tried before"" and also because we have to give contrast fluid, it's also something we ask if they've tried before. So you have to ask a lot about, um, contraindications, regarding whether I can give this contrast fluid to the patients, so it's usually quite formal actually. If patients are nervous, we try to distract them, or at least try to engage in some sort of small talk.","Добре, якщо мені потрібно зробити сканування грудно-черевної ділянки, я завжди поясню ""Ну, я буду сканувати легені і черево, тому вам потрібно зняти всі металеві предмети в цій області"", і потім я питаю ""Чи ви раніше це робили?"" І ще, оскільки ми повинні вводити контрастну рідину, ми також запитуємо, чи вони раніше робили це. Потрібно ставити багато питань про протипоказання, щодо того, чи можу я вводити цю контрастну рідину пацієнтам, так що це зазвичай досить формально. Якщо пацієнти нервують, ми намагаємося відволікти їх, або принаймні спробувати вести якусь розмову."
Hvad ville fagligt for dit vedkommende være det du betragter som en god undersøgelse?,"What would, from a professional standpoint, be what you consider a good examination?","Що, з професійної точки зору, ви вважаєте гарним обстеженням?"
"Øhm, jamen det er jo at jeg opnår det produkt jeg skal have, ikke, og så er en ekstra ting selvfølgelig at patienten er sød og rar, samarbejdsvillig, ikke nogle konflikter der opstår over hovedet. Og går derfra med de svar som de eventuelt har spørgsmål til","Um, well, it's that I achieve the result I need, right, and then an additional thing is of course that the patient is kind and cooperative, no conflicts arising whatsoever. And they leave with the answers they might have questions about.","Коли я досягаю результату, який мені потрібеню І додатково коли пацієнт ввічливий і співпрацює, коли нема ніяких конфліктів. І коли вони йдуть від нас, отримавши відповіді на усі свої питання."
"Hvilket område inden for dit arbejde kan så være svær at håndtere, hvis der opstår kommunikationsvanskeligheder mellem dig og patienten?",What area within your work can be difficult to handle if there are communication difficulties between you and the patient?,Які задачі в вашій роботі можуть стати важкими у разі виникнення проблем з комунікацією між вами та пацієнтом?
"Øhm, jeg synes det kan være svært hvis vi fx har psykiatriske patienter. Øh, det er vi ikke super trænet i at have med at gøre, øhm, nu havde jeg en tidligere idag der var ekstremt nervøs, han var ikke psykiatrisk patient, men han havde åbenbart haft et traume tidligere som barn, hvor han havde haft et overgreb i synhedssystemete, så han var faktisk rigtig bange for at komme ind. Så det, så, da kan jeg godt blive udfordret i det, fordi vi har så kort tid.","Um, I think it can be difficult if we, for example, have psychiatric patients. Um, we're not super trained to deal with that, um, now I had one earlier today who was extremely nervous, he wasn't a psychiatric patient, but apparently, he had had a trauma earlier that he hadn't talked about before, where he had experienced abuse in the visual system, so he was actually really afraid to come in. So, um, then I can be challenged because we have such a short time.","Я думаю, може бути важко, якщо ми, наприклад, маємо психіатричних пацієнтів. Ми не дуже навчені працювати з таким. Я мала одного сьогодні, він був дуже знервований. Він не був психіатричним пацієнтом, але, схоже, він раніше пережив травму, про яку не розповів, де він пережив моральну травму, пов'язану із візуальною системою, тому він насправді дуже боявся заходити. Проблеми виникають, коли у нас так мало часу."
Ja,yes,Так
"Så kort tid til at skabe en kontakt imellem os, så da, ja, der bliver jeg udfordret i hvert fald i kommunikationen","So little time to establish a connection between us, so, yeah, I'm challenged in communication for sure.","Так мало часу, щоб встановити зв'язок між нами... Отже, так, я маю проблеми з комунікацією, безперечно."
Ja,Yes.,Так.
"Gør du dig så nogle tanker inden, når det kommer til kommunikation og så videre, når du så står over for en, altså, når du kan se, at det er en fra psyk, er der så nogle tanker, eller noget ballast, eller erfaring, du har dig, der træder ud for dig?","Do you then have any thoughts, when it comes to communication and so on, when you're facing, well, when you can see that it's someone from psych, are there any thoughts, or any baggage, or experience you have that comes to mind?","Тоді чи є у вас думки, коли йдеться про комунікацію, коли ви бачите, що хтось з психіатрії, чи є якісь думки, або якісь минулі історії, чи досвід, який спадає на думку?"
"Altså ja, mine alarmklokker er tændte, og jeg sørger altid for ikke at stå alene.","Well yes, my alarm bells are ringing, and I always make sure not to be alone.","Ну, так, спрацьовують мої сигнали тривоги, і я завжди переконуюся, що залишаюся не наодинці."
Mmmh.,Mmmh.,Ммм.
"Med psykiatriske patienter. Altså vi har en regel her på stedet, at hvis de kommer indlagt fra psykiatrien, så skal der være personale med fra afdelingen.","With psychiatric patients. We have a rule here at the facility that if they come in from psychiatry, there must be staff from the department present.","З психіатричними пацієнтами. У нас в установі є правило, що якщо вони приходять з відділення психіатрії, то має бути присутній персонал відділення."
Mhh,Mhh.,Ммм.
"Og ellers, så synes jeg, generelt, at det plejer egentlig at gå fint med de psykiatriske patienter, fordi vi netop har dem i så kort tid, men nej, jeg synes ikke sådan at jeg tænker over hvordan jeg skal snakke til dem, jeg prøver at behandle dem lige som alle mulige andre. Jeg prøver at aflæse, sådan, deres, øhm, deres måde at reagere på så godt det nu kan lade sig gøre.","And otherwise, I generally find that it usually goes fine with psychiatric patients because we have them for such a short time, but no, I don't really think about how I should talk to them, I try to treat them just like everyone else. I try to read, well, their, um, their way of reacting as best as possible.","Але в усьому іншому, у нас зазвичай все йде добре з психіатричними пацієнтами, тому що вони перебувають у нас недовго. Але ні, я не дуже думаю про те, як мені слід з ними розмовляти, я намагаюся ставитися до них так само, як до всіх інших. Я намагаюся якнайкраще розгадати, прочитати їхню реакцію."
Ja,Yes.,Так.
"Ja. Ja, nu siger du for eksempel sådan at, der er regler for hvor mange man skal være - har du været i situationer hvor at det, hvor det har påvirket dig rent kommunikationsmæssigt, altså nogle oplevelser, hvor du måske har stået alene med nogen?","Yes. Yes, now you're saying for example that, there are rules for how many should be present - have you been in situations where it, where it has affected you in terms of communication, I mean experiences where you may have been alone with someone?","Так. Так, тепер ви сказали, наприклад, що є правила щодо кількості присутніх - чи ви були в ситуаціях, коли це впливало на вас з точки зору комунікації, я маю на увазі досвід, коли ви, можливо, були наодинці з кимось?"
"Ja, ja, jeg havde en for noget tid siden ude på Frederiksberg, en psykiatrisk patient, som vi ikke vidste var psykiatrisk patient, fordi han kom fra et andet ambulatorium. Så der stod ikke, at han var psykiatrisk patient. Så der gik det helt skævt, men det var faktisk min kollega der var inde ved patienten, jeg lavede noget andet, fordi at der ikke var nogle af os der vidste hvad han var for en. Det gik helt galt, så vi faktisk måtte løbe derfra, fordi han gik helt, helt amok, ikke. Så det var sådan helt, meget dramatisk. Vi måtte trække os fuldstændig fra det, ikke. Så, ja.","Yes, yes, I had an experience some time ago in Frederiksberg, with a psychiatric patient, and we didn't know he was a psychiatric patient because he came from another outpatient clinic. So, it didn't indicate that he was a psychiatric patient. Things went completely sideways, but it was actually my colleague who was with the patient, and I was doing something else because none of us knew what kind of patient he was. It went completely wrong, and we actually had to run away because he went completely berserk, you know. So, it was quite dramatic. We had to completely withdraw from the situation, you know.","Так, так, я мав досвід якийсь час тому у Фредеріксберзі, з психіатричним пацієнтом, і ми не знали, що він психіатричний пацієнт, тому що він прийшов з іншої поліклініки. Це не дозволило нам ідентифікувати його як психіатричного пацієнта. Справи пішли кепсько.  Насправді із пацієнтом був мій колега, а я займалася чимось іншим, тому що ніхто з нас не знав, що це був за пацієнт. Все пішло абсолютно не так, і нам фактично довелося втікати, тому що він повністю втратив розум, ви розумієте. Так що це було досить драматично. Нам довелося повністю самоусунутися, ви розумієте."
"Så der kunne du godt mærke, at, der var der ikke noget at gøre sådan rent kommunikationsmæssigt?","So, in that situation, you could feel that there was nothing to do in terms of communication?","Так, у тій ситуації ви відчули, що в комунікації нічого не можна було зробити?"
"Ikke med ham der, nej, altså han har jo haft en eller anden psykose af en eller andet. Så på det punkt, der kunne vi ikke have gjort noget anderledes, altså, der var det helt klart afdelingens opgave at informere os om hvilken type patient vi havde. Det var der ikke nogen af os, der var klar over, at han var psykiatrisk. Han var faktisk tidligere blevet afvist i MR, fordi han var psykiatrisk patient, og var gået amok derinde. Det vidste vi så ikke i CT. Så lige den situation, der var kunne vi ikke rigtig gøre noget.","Not with him, no, I mean, he had some kind of psychosis or something. So in that aspect, there was nothing different we could have done. I mean, it was clearly the responsibility of the department to inform us about the type of patient we had. None of us were aware that he was psychiatric. He had actually been rejected for an MRI earlier because he was a psychiatric patient and had gone crazy in there. We didn't know that in CT. So, in that particular situation, we couldn't really do anything.","Не з ним, ні, я маю на увазі, він мав якись психоз чи щось подібне. Так що з цього погляду нічого іншого ми не могли б зробити. Маю на увазі, очевидно, відділення мало би повідомити нас про тип пацієнта, з яким ми працюємо. Ніхто з нас не знали, що він був психіатричним. На MRI його відхилили раніше, тому що він був психіатричним пацієнтом, і він там теж зчинив божевілля. Ми не знали цього в CT. Так що в цій конкретній ситуації ми насправді не могли нічого зробити."
Er der nogle særlige tidspunkter hvor du forbereder mødet med en patient med tanker på kommunikationen?,Are there any specific times when you prepare for a meeting with a patient with thoughts on communication?,"Чи є які-небудь конкретні моменти, коли ви готуєтеся до зустрічі з пацієнтом з думками про комунікацію?"
"Mmm, nej, altså hvis vi har tid til at læse op på nogle af patienterne, så kan man godt gøre sig nogle ideer om, og nogle tanker om hvad det er for en type patient, man får ind, men øhm. Hvis det er en der er meget syg, at man så prøver at møde det menneske, hvor det er, eller prøve at lure det af, men egentlig gør jeg ikke nogle vildt dybe tanker om det. Jeg prøver at møde alle med respekt, øhm, men de få gange vi har tid til at undersøge nærmere, patienterne, så øhm, så gør man sig da lidt flere tanker om hvad det er for en, man får ind.","Hmm, no, well, if we have time to read up on some of the patients, you can get some ideas and thoughts about what type of patient you're dealing with, but um. If it's someone who is very ill, you try to meet the person where they are or try to figure it out, but generally, I don't make very deep thoughts about it. I try to meet everyone with respect, um, but the few times we have time to investigate further, patients, then um, then you do think a bit more about what kind of patient you're dealing with.","Якщо у нас є час почитати про деяких пацієнтів,  можна зрозуміти, з яким типом пацієнта ми маємо справу. Якщо це хтось дуже хворий, ви намагаєтеся зустріти людину там, де вона перебуває зараз, або спробувати розібратися детальніше, але, взагалі, я не дуже замислююся про це. Я намагаюся зустріти  кожного з повагою. Але іноді, коли у тебе є час з'ясувати обставини пацієнтів, тоді трохи більше замислюєшся про те, з яким типом пацієнта маєш справу."
"Nu nævner du ord som tid og så videre - kan du godt skærpe din kommunikation, altså ændre den på grund af tidspres?","Now you mention words like time and so on - can you sharpen your communication, change it due to time pressure?","Ви згадали про час - чи можете ви вдосконалити свою комунікацію, змінити її, якщо часу бракує?"
"Ja. Jo, altså 100, hvis jeg har tre liggende ude på gangen og jeg har en der snakker derudaf, kan jeg godt finde på at cutte dem af, og sige “jeg kan godt mærke du har meget på hjerte, men jeg har tre andre på gangen, jeg bliver nødt til at afslutte her”. Det er super, super pres at lukke folk af på den måde.","Yes. Well, 100%, if I have three patients waiting in the hallway and one is talking extensively, I might cut them off and say, ""I can see you have a lot on your mind, but I have three others waiting, I need to wrap up here."" It's super, super stressful to cut people off in that way.","Так. 100%. Якщо у мене три пацієнти чекають в коридорі, і один говорить дуже багато, я можу його перервати і сказати: ""Я бачу, що у вас багато на думці, але на мене чекають іще троє, ми із вами повинні  закінчити"". Це дуже, дуже стресово переривати людей таким чином."
Ja,Yes,Так
"Ja. Det tænkte vi også lidt på, det der med, hvad det er for nogle områder og hvad for nogle krav der er til kommunikationen. Når du så er under tidspres, og så videre, er der så nogle specifikke ting, fx i forbindelse med CT, nogle specifikke ting du har meget fokus på i forhold til at nå indenfor den korte tid til kommunikation? ","Yes. We also thought a bit about, you know, what areas and what requirements there are for communication. When you're under time pressure, and so on, are there any specific things, for example, in connection with CT scans, that you focus on a lot in terms of communication within the short time?","Так. Ми також трохи думали над тим, які області і які вимоги є для комунікації. Коли бракує часу, наприклад, чи є якісь конкретні речі, у зв'язку з КТ скануваннями, на яких ви великою мірою фокусуєтеся  з точки зору комунікації в умовах браку часу?"
"e relevante oplysninger, jeg skal bruge, for at lave en ordentlig undersøgelse. Det er det, der så er mit fokus. Altså identifikation, spørge ind til kontraindikationer, holde vejret, hvornår de skal holde vejret, altså det er meget få sætninger, der bliver udvekslet. Fordi man har et pres der.","he relevant information I need to perform a proper examination. That's where my focus lies. Like identification, asking about contraindications, holding breath, when they should hold breath, I mean, it's very few sentences that are exchanged. Because there's pressure.","Вся необхідна інформація, яку я потребую для правильного обстеження. На цьому я фокусуюся. Наприклад, ідентифікація, запитання про протипоказання, затримка подиху, коли вони повинні затримати подих. Ми обмінюємося лише кількома реченнями. Тому що часу нема."
"Så, i forhold til sådan en CT scanning, med kontrast og så videre, er det så især de der ting, der kan være nogle konsekvenser for patienterne, som du er meget opmærksom på?","So, regarding a CT scan, with contrast and so on, are those especially the things, consequences for the patients, that you are very attentive to?","Щодо КТ сканування з контрастом, чи є тут щось особливе, наслідки для пацієнтів, яким ви приділяєте багато уваги?"
"Ja, jeg siger altid altså, at når de får kontrasten, så bliver de varme i kroppen, og det kan være virkelig ubehageligt, de kan få dårlig smag i munden, og man får en fornemmelse af at man skal tisse. Man bliver varm i blæren. Det er jeg altid opmærksom på at fortælle. Men også fordi det kan have en konsekvens for min scanning, hvis patienten bliver forskrækket derinde, så helt sikkert.","Yes, I always say, when they receive the contrast, they'll feel warm in the body, and it can be really uncomfortable, they can get a bad taste in their mouth, and they might feel like they need to urinate. They get warm in the bladder. I'm always mindful to mention that. But also because it can have consequences for my scan if the patient gets startled in there, for sure.","Так, я завжди кажу, коли вони отримують контраст, вони відчують тепло в тілі, і це може бути дуже неприємно, вони можуть відчути поганий смак у роті, і вони можуть відчувати потребу у сечовипусканні. Їх сечовий міхур стає теплішим. Я ніколи не забуваю попередити про це. АОдна з причин -  це може відбитися на скануванні, якщо пацієнт перелякається там, безперечно."
Ja,Yes.,Так.
"Hvad så med din kommunikation med patienter som ikke er dansktalende eller engelsktalende eller ej, er der nogle udfordringer du oplever der?","What about your communication with patients who are not Danish-speaking or English-speaking, are there any challenges you experience there?","Як нарахунок вашої комунікації з пацієнтами, які не розмовляють на датській чи англійській мові, чи є там які-небудь складнощі, з якими ви стикаєтеся?"
"Ja bestemt. Bestemt, hvis der ikke er tolk med. Nu er vi heldigvis meget multinationale her, altså, så som regel kan man finde en kollega der kan oversætte. Men vi er da ude i at det bliver med tegnsprog og fagter. Og ellers, nogle gange bliver vi nødt til at aflyse undersøgelser. Der er simpelthen nogle ting vi skal vide om patienterne. Og hvis de ikke har nogle pårørende med, der ikke kan oversætte, så øhm, så kan det jo ikke lade sig gøre at udføre en undersøgelse. Men jo, vi er mega, altså, udfordret i kommunikationen med udenlandske patienter. Det er tit de kommer uden tolk, og så står man der. Og så er det pårørende, der skal oversætte, som måske ikke ved, hvad alle de her ord på dansk betyder, som jeg står og siger. Så det er vi meget udfordret af, synes jeg.","Yes, certainly. Certainly, if there's no interpreter present. Luckily, we are very multinational here, so usually, you can find a colleague who can translate. But sometimes, it's sign language and gestures. And sometimes, we have to cancel examinations. There are simply some things we need to know about the patients. And if they don't have any relatives who can translate, then, um, it's not possible to perform an examination. But yeah, we are mega, I mean, challenged in communicating with foreign patients. They often come without an interpreter, and then you're standing there. And then it's the relatives who have to translate, who may not know what all these words in Danish mean that I'm saying. So, I find that very challenging.","Так, безумовно. Безумовно, якщо немає перекладача. На щастя, у нас тут дуже багатонаціональний склад, тому зазвичай можна знайти колегу, який може перекласти. Іноді це жестова мова і просто жестикуляція. Іноді нам доводиться скасовувати обстеження. Просто є деякі речі, які нам потрібно знати про пацієнтів. І якщо в них немає родичів, які можуть перекладати, то неможливо провести обстеження. Але так, ми маємо великі проблеми з комунікацією з іноземними пацієнтами. Вони часто приходять без перекладача, і тоді ви стоїте там. І тоді родичі повинні перекладати, які можливо не знають, що означають всі ці слова датської мови, які я говорю. Тому я вважаю це дуже складним."
"Hvad med dig i sådan en situation, kan du gestikulere meget, eller bruge visuelle hjælpemidler, eller?","What about you in such a situation, do you gesture a lot, or use visual aids, or?","Як ви дієте у такій ситуації, ви багато жестікулюєте, чи використовуєте візуальні засоби?"
"Altså, vi er nogle gange ude i at bruge Google Translate, men altså det. Hvis det er en undersøgelse uden kontrastvæske, så har jeg ikke noget imod at vi bruger Google Translate. Problemet er, hvis de får en reaktion på det, de får, efterfølgende, fordi så kan de ikke fortælle mig, hvad det er de fejler. Eller hvad de mærker. Så det er jeg helt imod at vi bruger.","Well, sometimes we resort to using Google Translate, but, um, that. If it's an examination without contrast fluid, then I don't mind using Google Translate. The problem is if they have a reaction to what they receive afterward because then they can't tell me what's wrong. Or what they're feeling. So I am completely against using it.","Іноді ми вдаємося до використання Google Translate. Якщо це обстеження без контрастної рідини, тоді я не проти використовувати Google Translate. Проблема в тому, якщо вони мають реакцію на те, що вони отримали потім, тому що тоді вони не можуть мені сказати, що не так. Чи що вони відчувають. Так що я абсолютно проти його використання."
Det er du imod?,You're against that?,Ви проти цього?
"Ja, hvis vi giver kontrast. Det er simpelthen for farligt, hvis patienten bliver dårlig efterfølgende.","Yes, if we give contrast. It's simply too dangerous if the patient feels unwell afterward.","Так, якщо ми даємо контраст. Це просто занадто небезпечно, якщо пацієнт почувається погано після цього."
"Okay, ja.","Okay, yeah.","Добре, так."
"Fordi man kan jo, altså, hæve op i sit svælg, og så kan man jo ikke sige til mig, hvad man fejler, hvad der er galt, fordi man så skal skrive det på en telefon, ikke.","Because you can, um, swell up in your throat, and then you can't tell me what's wrong, what's going on because then you have to write it on a phone, you know.","Тому що може виникнути наприклад набряк горла, і тоді ви не можете мені сказати, що не так, що відбувається, тому що вам доведеться писати це в телефоні."
"Det med at du har oplevet at man skal aflyse undersøgelser, også i CT og så videre, er det når du ikke føler dig sikker?","The part where you've experienced having to cancel examinations, also in CT and so on, is that when you don't feel confident?","Той ваш досвід скасування обстежень, також у КТ, чи це тоді, коли ви не відчуваєте себе впевнено?"
"Ja, 100 procent. Også bare det at spørge ind til om de har allergier, altså de skal kunne fortælle mig, man aner ikke hvad en multiallergiker er for en. Specielt når det er nogle der, ikke har prøvet det før. Det er altid i samråd med en læge, der skal tage beslutningen, selvfølgelig, men jeg er meget modstander af at sprøjte noget ind i folk, som man ikke kan kommunikere med. Øhm. Med mindre der står en læge ved siden af mig, som så tager beslutningen. ","Yes, 100 percent. Also just asking about allergies, I mean, they should be able to tell me, you have no idea what a multi-allergic person is like. Especially when it's someone who hasn't tried it before. It's always in consultation with a doctor who has to make the decision, of course, but I am very opposed to injecting something into people with whom you cannot communicate. Um. Unless there's a doctor standing next to me who then makes the decision.","Так, на 100 відсотків. Також просто запитання про алергії, я маю на увазі, вони повинні мати змогу мені сказати. Ви не уявляєте, як виглядає  людина, в якої багато алергій. Особливо коли це той, хто ще не пробував це раніше. Завжди потрібна консультація з лікарем, який повинен приймати рішення, звичайно, але я дуже проти того, щоб щось вводити людям, з якими не можливо спілкуватися.  Крім випадків, коли поруч зі мною стоїть лікар, який приймає рішення."
"Hvad er din erfaring med at, det med in-house tolkning, kan du mærke at undersøgelsen ændrer sig? Bliver patienten mere tryg i det, når du henter en kollega, der kan sproget?","What is your experience with in-house interpretation, can you tell if the examination changes? Does the patient feel more at ease when you bring in a colleague who speaks the language?","Який у вас досвід із внутрішніми перекладачами, ви можете сказати, що обстеження змінюється? Чи почувається пацієнт спокійніше, коли ви приводите колегу, який говорить його мовою?"
"Ja, det er da noget helt andet. Så er der bare en eller anden forståelse, det, så synes jeg det bliver meget fint. Hvis det er en kollega der kan fortælle. Fordi kollegaen også ved hvad der går ud på. Fordi, hvis det er en tolk der kommer ude fra, så er det jo måske en, der slet ikke ved hvad der foregår.","Yes, it's completely different. Then there's just some understanding, I find it very nice. If it's a colleague who can explain. Because the colleague also knows what it's all about. Because if it's an interpreter from outside, it might be someone who has no idea what's going on.","Так, це зовсім інше. Тоді є порозуміння, це дуже приємно, коли є колега, який може дати пояснення. Тому що колега також знає, про що йдеться. Бо перекладач ззовні може просто не розуміти, що відбувається."
"Mmh, ja.","Mmh, yeah.","Ммм, так."
Har du oplevet forskellig kvalitet af tolke så? Er det familie og så videre?,Have you experienced different qualities of interpreters then? Are they family and so on?,Чи ви стикалися із перекладачами різної якості? Членами родини і так далі?
"Ja, altså nogle kommer jo med pårørende, som ikke forstår medicinsk fagsprog, altså og hvad vi laver. Det kan være svært for dem at forklare til en pårørende, hvis de ikke selv forstår, hvad det er, jeg står og siger til dem. Kontra, hvis det er en medicinsk tolk, eller jeg ved ikke hvad der hedder, hvis det er en fra hospitalsvæsenet, der er lidt anderledes kvaliteter der, ja. Men jeg oplever da tit, at jeg føler jeg står og siger det jeg skal sige, og så står de alligevel og kigger på mig, og sådan, har måske så ikke forstået hvad jeg har sagt. Men jeg kan jo ikke vide hvad de siger til patienten, om det så er noget helt andet.","Yes, well, some come with relatives who don't understand medical jargon, I mean, and what we do. It can be difficult for them to explain to a relative if they don't understand what I'm saying to them. Conversely, if it's a medical interpreter, or I don't know what they're called, if it's someone from the hospital system, there are slightly different qualities there, yeah. But I often feel that I'm saying what I need to say, and then they're still looking at me, and like, maybe they didn't understand what I said. But I can't know what they're telling the patient, whether it's something completely different.","Так, ну, дехто приходить з родичами, які не розуміють медичних термінів, того, що ми робимо. Їм може бути важко пояснити щось своєму родичу, якщо вони самі не розуміють, що я їм кажу. В іншому випадку, якщо це медичний перекладач, або я не знаю, як їх називають, якщо це ктось з лікарні, якість дещо інша, так. Але я часто відчуваю, що я говорю те, що я повинна сказати, але вони все одно дивляться на мене так, ніби не зрозуміли, що я сказала. Але ж  я не можу знати, що вони говорять пацієнтові, може щось взагалі інше."
"Mmmh, ja.","Mmmh, yeah.","Ммм, так."
"Hvad hvis det så er, hvis vi bevæger os væk fra de sproglige vanskeligheder, er der så nogle kulturelle eller religiøse forskelle mellem dig og patienten, der også kan have indflydelse på jeres kommunikation med hinanden?","What if, moving away from the linguistic difficulties, are there any cultural or religious differences between you and the patient that can also influence your communication with each other?","Якщо облишити мовні складнощі, чи є якісь культурні або релігійні різниці між вами та пацієнтом, які також можуть впливати на вашу комунікацію один з одним?"
"Øhm, jeg har ikke lige selv haft en oplevelse af noget. Men altså, vi har jo tit muslimske kvinder, der kommer, og så bliver altså, blufærdige, helt vildt blufærdige, hvis der er mænd til stede. Og det, det kan godt være en udfordring. Og der er det jo tit at kommunikation kan gå galt mellem den mandlige kollega og den her kvinde, fordi jamen, det er jo kun dem (mænd) der er her lige nu, så du bliver nødt til at tage din BH af, eller hvad det nu er de skal, ikke. Øhm, og så har jeg oplevet racisme her, og sådan noget, heldigvis ikke mod mig, men imod mine kolleger. Så går det jo skævt fra starten af. Så bliver jeg streng. Altså, det er ikke i roden.","Um, I haven't personally had an experience of that. But, well, we often have Muslim women who come, and they become extremely modest if there are men present. And that can be a challenge. And then it's often that communication can go wrong between the male colleague and this woman because, well, it's only them (men) here right now, so you have to take off your bra, or whatever they need to do, you know. Um, and I have experienced racism here, and such things, fortunately not towards me, but towards my colleagues. Then it goes wrong from the start. Then I become strict. Um, it's not at the root.","Я особистого з цим не стикалася. Але ми часто маємо справу з мусульманськими жінками, вони дуже ніяковіють в присутності чоловіки. І це може бути викликом. І тоді часто комунікація може піти не так між чоловічим колегою і такою жінкою. Бо, зараз тільки вони (чоловіки) тут, і тоді вам доводиться зняти бюстгальтер, або щось іще зробити, ви знаєте. Я стикалася із расизмом, на щастя, не у мій бік, але у бік моїх колег. Тоді  все одразу йде не так. Тоді я стаю строгою. Це не причина."
"Er der så nogle særlige patientgrupper, i forhold til, ja det ved jeg ikke…","Are there any particular patient groups, in relation to, well, I don't know...","Чи є япевні групи пацієнтів, які..."
Må jeg spørge?,May I ask?,Можу я запитати?
"Ja, selvfølgelig.","Yes, of course.","Так, звичайно."
"I forhold til det der med, at øhm, hvad hedder det, du nævner det der med, at så kommer der nogle der skal have specifikt tøj af, og ikke har lyst til det og så videre. Har du også oplevet at det her kan være en udfordring med folk som at du godt kan kommunikere med rent sprogligt?","Regarding that, um, what's it called, you mentioned that thing about, so some people come who need to wear specific clothing and don't want to and so on. Have you also experienced that this can be a challenge with people whom you can communicate with linguistically?","Щодо цього, якщо це називається, ви згадали, як  приходять люди, які повинні носити певний одяг і не хочуть... Чи було таке, що це може бути викликом також із людьми, з якими ви можете спілкуватися однією мовою?"
"Ja, altså det sker også for danske kvinder, at de ikke har lyst til at tage deres tøj af. Ja, det synes jeg sker hele vejen rundt. ","Yes, well, it also happens to Danish women that they don't want to take off their clothes. Yeah, I think it happens all the way around.","Так, це також трапляється з данськими жінками, які не хочуть знімати свій одяг. Так, я думаю, що це трапляється повсюди."
"Føles det værre, når du står med patienter, som du ikke kan kommunikere med rent sprogligt?",Does it feel worse when you're with patients whom you can't communicate with linguistically?,"Чи ви відчуваєте себе гірше, коли ви з пацієнтами, які не розуміють мову?"
"Mmh, ja, det kunne det godt være. Fordi der ikke er den der forståelse. At de måske ikke er helt trygge i ens selskab fordi de ikke forstår hvad der sker, og så beder man dem om at smide tøjet, og det er jo også lidt grænseoverskridende. Måske, ja.","Mmh, yeah, it could be. Because there isn't that understanding. That they might not feel completely comfortable in one's company because they don't understand what's happening, and then you ask them to take off their clothes, and that's also a bit boundary-crossing. Maybe, yeah.","Можливо, так. Тому що немає цього розуміння. Що вони можуть відчувати себе не повністю комфортно в моєму товаристві, тому що вони не розуміють, що відбувається, і потім ви просите їх зняти свій одяг, і це вже  перехід їх кордонів. Можливо, так."
"Mmh, hvilke patientgrupper, eller hvis der er nogen, er du så mere opmærksom på i forhold til de her kommunikationsvanskeligheder?","Mmh, which patient groups, or if there are any, are you more attentive to in relation to these communication difficulties?","Чи є групи пацієнтів, яким вам доводиться прибіляти більшу уваги, зважаючи на складнощі у комунікації?"
"Jamen, altså, det er typisk udenlandske, altså, øhm, jeg synes det er jo sygt at sige, men der er rigtig mange problemer med indvandrere, hvad hedder de, de ældre kvinder, de er jo ikke sådan super gode i det danske sprog, så det er tit der, vi har vores udfordringer synes jeg. Der er som regel altid nogle børn med, der skal oversætte, men det, det kan være lidt ubehageligt at der kommer en mor ind, hvor jeg så siger, at du skal tage dit tøj af, og så står der hendes teenage dreng og skal kigge på at hun afklæder sig, ikke. Så jeg synes det mest er i den patientgruppe, at vi har vores udfordringer. Nu er vi så begyndt at have rigtig mange ukrainske flygtninge, som vi også har problemer med, altså vi har så en del her der kan tale russisk med dem, så det løser vi rimeligt. ","Well, um, it's typically foreigners, um, I think it's crazy to say, but there are a lot of issues with immigrants, what are they called, the elderly women, they're not really proficient in the Danish language, so that's where we often have our challenges, I think. There are usually some children with them who need to translate, but it can be a bit uncomfortable when a mother comes in, and then her teenage son is standing there watching her undress, you know. So I think it's mostly in that patient group that we have our challenges. Now we've started to have a lot of Ukrainian refugees, whom we also have issues with, well, we have some here who can speak Russian with them, so we're managing that fairly well.","Це, зазвичай, іноземці, я вважаю, що це дико звучить, але є багато проблем з іммігрантами, як їх називають, це старі жінки, вони не дуже добре володіють датською мовою, і це часто виклик для нас. Зазвичай з ними є діти, які мають перекладати, але це може бути трохи незручно, коли мати приходить, а її син-підліток стоїть і дивиться, як вона роздягається. Тому я думаю, що це група пацієнтів, де сконцентровані наші проблеми. Зараз у нас почало з'являтися багато українських біженців, з якими ми також маємо проблеми. Але тут у нас є кілька людей, які можуть говорити російською з ними, тому ми досить добре дамо собі раду із цим."
Ja,Yeah,Так
Hvordan sikrer du dig så at patienterne forstår de her nødvendige instrukser og oplysninger som de skal forstå?,How do you ensure that patients understand these necessary instructions and information that they need to understand?,"Як ви забезпечуєте, щоб пацієнти розуміли усі необхідні інструкції і інформацію, яку вони повинні розуміти?"
"Ja. Ja, det er et godt spørmgsål.","Yes. Yes, that's a good question.","Так. Так, це дуже хороше питання."
Er du sådan meget visuel? Gestikulierende?,Are you very visual? Do you gesture a lot?,Ви використовуєте візуальні засоби? Ви часто жестікулюєте?
"Jamen, ja, hvis det bare sådan er, at de skal holde vejret, så bruger jeg fagter, bruger mig selv, og alt sådan noget, men med kontrast, som sagt, så er det ikke noget jeg kan stå inde for hvis de ikke forstår hvad jeg siger. Og også CPR nummer, så er det også tit sådan at jeg gestikulerer sundhedskortet, altså blafre lidt med armene.","Well, yes, if it's just that they need to hold their breath, then I use gestures, use myself, and everything like that, but with contrast, as I said, it's not something I can stand behind if they don't understand what I'm saying. And also CPR number, it's also often that I gesture towards the health card, you know, waving my arms a bit.","Так, якщо йдеться про те, що вони повинні затримати подих, тоді я використовую жести, показую на собі, і все таке. Але коли йдеться про контраст, як я сказала, це не окей, якщо вони не розуміють, що я говорю. І також коли йдеться про ідентифікаційний номер CPR, я також часто жестами показую на медичну картку, ви знаєте, махаю руками трохи."
"Ja. Du nævner, øhm, du har nævnt, in-house tolke, Google Translate - er der andre værktøjer eller apps eller løsninger du tager i brug for at overkomme de her kommunikationsbarrierer?","Yeah. You mentioned, um, you've mentioned in-house interpreters, Google Translate - are there other tools or apps or solutions you use to overcome these communication barriers?","Так. Ви згадували внутрішніх перекладачів, Google Translate - чи є ще інші інструменти чи додатки, чи рішення, які ви використовуєте, щоб подолати ці комунікаційні бар'єри?"
"Øhm, ikke noget jeg selv har, jeg ved at der findes en eller anden app der skulle vær helt vildt god til ukrainsk, men det er det eneste jeg ved. Da de begyndte at komme her, og vi skulle undersøge dem, så ved jeg at der var nogle der hentede den på deres telefoner. En app der skulle være rigtig god, det ved jeg ikke lige hvad skulle være for en. Men ellers ikke nej.","Um, nothing that I personally have, I know that there's some kind of app that's supposed to be really good for Ukrainian, but that's the only one I know. When they started coming here, and we had to examine them, I know that some people downloaded it on their phones. An app that's supposed to be really good, I'm not sure what it's called. But otherwise, no.","Нічого у мене особисто, я знаю, що є якийсь додаток, який по ідеї дуже підходить українцям, але це єдине, що я знаю. Коли вони почали сюди приходити, і ми їх обстежували, я знаю, що деякі люди завантажували його на свої телефони. Додаток, який, як кажуть, має бути дуже хорошим, я не знаю, як він називається. Але щодо решти - ні."
"Okay, så det er lidt forskelligt fra medarbejder til medarbejder hvad man benytter af værktøjer?","Okay, so it's a bit different from employee to employee what tools they use?","Окей, отже, кожен працівник використовує різні інструменти?"
"Ja helt sikkert. Og jeg tror også der er nogle, der køre roke, og så scanner de dem bare. Altså, så er det abre…","Yeah, definitely. And I think there are also some who just use gestures, and then scan them. Well, it's just...","Так, безперечно. І я думаю, що є деякі, які просто використовують жести, і тоді сканують їх (пацієнтів). Ну, це просто..."
"Er det også, kan det også være en ting med patient pres og så videre, tidspres, kan du have oplevelser du føler at du på en eller anden måde, at du har fået et ja fra en patient, men du så stadig har lidt ubehag i kroppen om de forstår hvad du mener?","Can it also be a thing with patient pressure and so on, time pressure, can you have experiences where you feel that somehow, you've got a yes from a patient, but you still feel a bit uncomfortable about whether they understand what you mean?","Чи може це також бути пов'язано з тиском від пацієнтів або тиском часу, чи стикалися ви із тим, що пацієнт сказав ""так"", але ви все ще були трохи невпевнені, чи точно він розуміє, що ви маєте на увазі?"
"Ja, ja det tror jeg sagtens der er flere af os der bare får kørt videre. Men jeg vil sige at det kommer meget an på hvad det er for nogle undersøgelser, altså hvis det er ""bare"" er en kontrol af et eller andet, så øhm, ville jeg ikke presse på at vi scanner, men hvis det er en akut patient, der har smerter i maven og eventuelt skal opereres, så bliver de kørt igennem. Selvom de ikke forstår hvad jeg siger. Det varierer så lidt fra undersøgelse til undersøgelse, ikke.","Yes, yes, I think there are definitely several of us who just keep going. But I would say that it depends a lot on what kind of examinations they are, I mean if it's ""just"" a check-up of something, then um, I wouldn't push to scan, but if it's an acute patient, who has abdominal pain and might need surgery, then they get scanned. Even if they don't understand what I'm saying. It varies a bit from examination to examination, you know.","Так, так, я думаю, що безперечно деякі з нас (працівників) просто продовжують. Але я б сказала, що це в значній мірі залежить від того, якого роду це обстеження. Я маю на увазі, якщо це ""просто"" перевірка чогось, то, я не наполягатиму на скануванні, але якщо це гострий пацієнт, який має біль у животі і може потребувати операції, то його треба просканувати. Навіть якщо він не розуміє, що я кажу. Це трохи змінюється від обстеження до обстеження, знаєте."
"Så du siger, at nogle undersøgelser, dem må man bare køre igennem fordi det er for deres eget helbreds skyld?","So you're saying that for some examinations, they just have to be done because it's for their own health's sake?","Так ви кажете, що деякі обстеження просто повинні бути зроблені, тому що це для їх власного здоров'я?"
"Ja, ja, fordi det er livsnødvendigt, ikke.","Yes, yes, because it's vital, you know.","Так, так, тому що це життєво важливо, знаєте."
"Yes. Jeg vil også lige tage et lille sidespring og spørge dig om nogle spørgsmål der handler om implementering af nye værktøjer og teknologier i jeres afdeling. Så, hvis du vil prøve at beskrive hvilke stadier, der er, hvis der skal implementeres noget nyt, som kan bruges i kommunikationen?","Yes. I'd also like to take a little detour and ask you some questions about the implementation of new tools and technologies in your department. So, if you could try to describe what stages there are when something new needs to be implemented, something that can be used in communication?","Так. Я також хотів би трохи відхилитися і задати вам кілька питань про впровадження нових інструментів та технологій у вашому відділі. Отже, опишіть, будь ласка, які є стадії, коли щось нове потрібно впровадити, щось, що може бути використано в комунікації?"
"Ja, undskyld, det er ikke for at afbryde, det er bare generelt.","Yes, sorry, it's not to interrupt, it's just in general.","Так, вибачте, це не щоб перервати, це просто взагалі."
Altså med nye ting her i afdelingen?,"So, with new things here in the department?","Так, з чимось новим тут у відділі?"
g Ja,nd Yes., Олівер: Так.
"Ja, altså ja, der vil altid være nogle, der stejler jo. Der er jo nogle der er vante til at arbejde med nye ting, og er omstillingsparate, men så er der nogle der er sådan “ej, det plejer vi ikke at gøre”. Så det vil dele vandene, tror jeg. Det er det samme med hvis vi implementer hvilken som helst andre ting. Så er der nogle der vil synes det er mega fedt at der kommer nogle nye ideer, og så vil der være nogle der går modsat, ikke. Og så vil der være en gruppe der, der skal arbejdes lidt på. Men det tror jeg sker med alt. Og specielt også med digitalisering. Nu er vi jo en ret ung afdeling, vi har en stor ung gruppe, så alt hvad der har med digitalisering at gøre, vil jo være nemmere for dem fordi de er født med iPads og det hele. Men jeg tror det kan være sværere for den ældre generation","Yes, well, there will always be some who resist, you know. Some are used to working with new things and are adaptable, but then there are some who are like, ""Oh, we don't usually do that."" So, it will divide opinions, I think. It's the same with implementing any other things. Some will think it's awesome that there are new ideas, and then there will be others who resist. And then there will be a group that needs a bit of work. But I think that happens with everything. And especially with digitization. Now we're a pretty young department, we have a large young group, so anything related to digitization will be easier for them because they were born with iPads and all that. But I think it can be harder for the older generation.","Так, завжди будуть ті, хто проти, знаєте. Хтось звик до роботи з новими речами і може адаптуватися, але є такі, хто скаже: ""Ой, ми зазвичай цього не робимо"". Так що, думки розділяться, я вважаю. Те ж саме відбувається з впровадженням будь-чого. Хтось буде думати, що це круті ідеї, інші будуть проти. А ще буде група, з якою потрібно буде трохи попрацювати. Але я думаю, що це відбувається з усім. А особливо з цифровізацією. Зараз ми досить молодий відділ, у нас велика група молоді, тому будь-що, пов'язане з цифровізацією, буде легше для них, тому що вони народилися з iPad. Але я думаю, що старшому поколінню буде важче."
Så der er også nogle konservative holdninger i forhold til ny teknologi?,So there are also some conservative attitudes towards new technology?,Отже деякі ставляться до нової технології консервативно?
"Helt sikkert, helt sikkert.","Definitely, definitely.","Безперечно, безперечно."
Hvad synes du selv om nye implementeringer?,What do you personally think about new implementations?,Що ви особисто думаєте про впровадження нового?
"Jamen, jeg synes det er spændende uanset hvad man finder på, så længe det er noget der effektiviserer. Så synes jeg det er fint. Altså jeg, er jo fra den digitale verden. Så det gør ikke mig noget at der kommer nogle nye gadgets eller et eller andet, det er jeg sgu ikke bange for.","Well, I find it exciting no matter what they come up with, as long as it's something that streamlines processes. Then I think it's fine. I'm from the digital world, so I'm not afraid of new gadgets or anything like that.","Ну, я вважаю захоплюючим будь-що, що вони придумають, якщо воно оптимізуватиме процеси. Тоді я думаю, що це добре. Я з цифрового світу, тому я не боюся нових гаджетів або чогось подібного."
"Hvor mange gange har du sådan oplevet, at du skulle igennem en implementering af noget nyt teknologisk?",How many times have you experienced going through an implementation of something new technologically?,Скільки разів ви проходили через впровадження якихось нових технологій?
"Hmm. Noget nyt teknologisk. Altså, i forhold til vi får nye rum og så videre for eksempel?","Hmm. Something new technologically. Well, in terms of getting new rooms and so on, for example?","Хмм. Якісь нові технології. Ну, щодо отримання нових приміщень і так далі, наприклад?"
"Ja, det kan være alt.","Yes, it can be anything.","Так, це може бути що завгодно."
" Jamen vi har lige fået nyt system, jo, nyt PAX system. Der var folk jo virkelig bange for, hvad det nu var for noget. Men nu, så er det jo bare, ja det er nok bare frygten for noget nyt. Også, bare, da vi fik vores nye bygning. Folk kunne ikke håndtere, overhovedet, at nu skulle der ske noget nyt. Så et par gange har jeg oplevet noget nyt. ","Well, we just got a new system, yes, a new PAX system. People were really afraid of what it was. But now, it's just, yeah, it's probably just the fear of something new. Also, just when we got our new building. People couldn't handle it at all, that something new was going to happen. So a few times I've experienced something new.","Ну, ми щойно отримали нову систему PAX. Люди дуже її боялися. Але зараз це просто... Так, це, мабуть, просто страх перед чимось новим. Ме саме було, коли ми отримали новий будинок. Люди не могли змиритися із цим, що щось має змінитися. Так що декілька разів я стикалася із оновленням."
"Så du oplever lidt det der med, lad os sige, for nogle der er omstillingsparate, og måske også alder, at der er man mere nysgerrig måske, og mere klar på at… og måske ikke er så tilbageholdende?","So you experience a bit of that, let's say, for some who are adaptable, and maybe also age, that there is more curiosity perhaps, and more ready to... and perhaps not so hesitant?","Отже ви стикалися з цим. Скажімо, для того, хто адаптивний, і можливо також завдяки віку, більше цікавиться, можливо, і готовий до... і можливо не так сильно вагається?"
"Ja, det synes jeg helt sikkert har noget at sige. Altså at være nysgerrig på hvad det er. I stedet for bare at skyde det ned, inden man overhovedet har fundet ud af hvad det kan, fordi prøv at tænk hvis det nu er den nye dybe tallerken, så ville det jo være fantastisk. Ja.","Yes, I definitely think that has something to do with it. Being curious about what it is. Instead of just shooting it down before you even figure out what it can do, because imagine if it's the new deep plate, then it would be fantastic. Yes.","Так, безперечно, я думаю, що це пов'язані речі. Цікавитися. Замість того, щоб відкидати все, перш ніж з'ясувати, що воно може робити, бо подумайте, якщо це купа всього нового, то це було б фантастично. Так."
"Kan du godt savne i forhold til implementering af ny teknologi, at det er noget mere sådan fagspecifikt i dit område? Har du nogle oplevelser med det? At det er mere radiograf-specifikt?","Can you miss in terms of implementing new technology, that it's something more specific to your field? Do you have any experiences with that? That it's more radiographer-specific?","Можливо ви пропустили впровадження якихось нових технологій, які стосуються вашої галузі? Чи ви із цим стикалися? Чи це є щось більш специфічне для рентгенологів?"
"Uh, det ved jeg ikke. Det synes jeg ikke, det synes jeg er svært, altså det har jeg svært ved at se hvad kunne være. ","Uh, I don't know. I don't think so, I find that difficult, I find it difficult to see what could be.","Ну, я не знаю. Не думаю, мені складно сказати, що це могло би бути."
"Ja helt klart, det er bare om du synes I bliver lyttet nok til?","Yes, definitely, it's just whether you feel listened to enough?","Так, безумовно, мається на увазі, чи до вас достатньо дослухаються?"
"Ja, jeg tror der sker meget på ledelsesplanen, som rent faktisk ikke kommer ned på gulvet hos dem der rent faktisk står i det, ikke. Jeg tror der bliver truffet rigtig mange beslutninger over hovedet på en, som jeg ikke er sikker på vi ved der foregår. Men der sker noget lige pludselig, ikke. Det kunne da være interessant at inddrage personalegruppen noget mere i større beslutninger. I stedet for det måske er det de samme hatte, der får lov til at bestemme det hele.","Yes, I think a lot happens at the management level that doesn't actually trickle down to those who are actually in it, you know? I believe many decisions are made over our heads, and I'm not sure we're always aware of what's going on. But then things happen suddenly, you know? It could be interesting to involve the staff more in major decisions, instead of it always being the same people making all the decisions.","Так, я вважаю, що багато що відбувається на рівні менеджменту, і не просочується до тих, хто фактично цим займається, розумієте? Я вважаю, що багато рішень приймається у нас за спинами, і ми не завжди в курсі подій. Але тоді все трапляється несподівано для нас, ви розумієте? Було б цікаво більше залучати персонал до великих рішень, замість того, щоб завжди одні й ті ж люди приймали всі рішення."
Ja,Yeah.,Так.
"Så, de interne beslutningsprocesser omkring udstyr eller noget andet, så generelt savner du måske lidt at man selv kunne blive inddraget?","So, the internal decision-making processes regarding equipment or something else, you generally feel like you'd like to be more involved?","Отже, ви в цілому відчуваєте, що хотіли б бути більше включеними у внутрішні процеси прийняття рішень щодо обладнання чи чогось іншого?"
"Ja, ja. Bestemt. Jeg ved da, at der er flere på afdelingen der har nogle ideer, men de bliver skudt ned fordi man ikke har den rigtige hat på.","Yes, absolutely. I know that there are several people in the department who have ideas, but they get shot down because they don't have the right position or authority.","Так, абсолютно. Я знаю, що в департаменті є декілька людей, які мають ідеї, але їх відхиляють, бо вони не мають потрібного статусу чи авторитету."
Mmh,Mmh.,Ммм.
At man ikke sidder på den rigtige post.,Like they're not in the right role.,Вони не займають відповідні посади.
Tror du det hænger sammen med at være “bange” for at prøve noget nyt?,"Do you think it's related to being ""afraid"" to try something new?","Чи ви думаєте, що це пов'язано з ""страхом"" спробувати щось нове?"
"Ja, altså det med at man får nye ideer?","Yeah, with getting new ideas?","Так, із появою нових ідей?"
Ja,Yeah.,Так.
"Ja, altså jeg tror også der er en stolthed fra vores ældre kolleger. “Nå, jamen, det var ikke mig, der fandt på det. Du er for ung i dit fag til at du får lov til at bestemme det her”. Desværre.","Yeah, well, I also think there's a sense of pride from our older colleagues. ""Oh, well, it wasn't me who came up with that. You're too young in your profession to be making decisions like this."" Unfortunately.","Так, ну, я також думаю, наші старші колеги трохи пихаті. ""О, не я це придумав. Ти занадто молодий в своїй професії, щоб приймати такі рішення"". Нажаль."
"Så du føler også det med, altså kan det også have noget at gøre med, at hvis nu du skulle være i en beslutnignsproecs omkring, helt tilfældigt (alle girner), et tolkeapperat, ville det så være, at der er nogle gammeldags holdninger til hvad der ville virke, i forhold til hvad du faktisk synes der ville være smart og så videre?","So, you feel like, could it also have something to do with, if you were to be in a decision process about, completely random (everyone laughs), a translation device, would there be some old-fashioned attitudes about what would work, compared to what you actually think would be smart and so on?","Так, чи може це бути пов'язано з тим, що, якби ви мали б приймати рішення щодо, зовсім випадково (усі сміються), пристрою для перекладу, чи не було б якихось старомодних поглядів на те, що спрацювало б, порівняно з тим, що ви насправді думаєте, що буде розумним?"
"Mmm, ja, det ved jeg sgu ikke. Ej hvis jeg skulle sidde med i en belsutningsgruppe omkring noget, nu er jeg så komfortabel i min afdeling, at jeg godt tør åbne min mund, men så hvis der var nogle nye i faget og i afdelingen, kunne det være svært at være tryg i at sige at “Jeg er ikke helt enig i din konservative holdning”. Altså fordi, det er der her. ","Hmm, yeah, I'm not really sure. If I were to sit in a decision-making group about something, now I'm so comfortable in my department that I dare to speak up, but if there were newcomers in the field and in the department, it could be difficult to feel comfortable saying, ""I don't completely agree with your conservative stance."" I mean, because, that's how it is here.","Не знаю. Якби я сиділа в групі прийняття рішень щодо чогось, зараз мені вже настільки комфортно в нашому департаменті, що я насмілююся говорити вголос, але якщо ти в департаменті новачок, то важко почувати себе комфортно, заявляючи: ""Я не згоден з вашою консервативною позицією"". Я маю на увазі, у нас тут відбувається саме так."
Så du føler nærmest det er sådan lidt hierarkisk nogle gange?,So you almost feel it's somewhat hierarchical sometimes?,"Отже, ви думаєте, в цьому є трохи ієрархії?"
"Ja, ja, fuldstændig. Og vi bliver kigget ned på fordi vi har vores telefoner.","Yeah, yeah, completely. And we're looked down upon because we have our phones.","Так, так, абсолютно. І на нас дивляться зверхньо, тому що ми маємо свої телефони"
Og det er der også en aldersforskel i?,And there's also an age difference in that?,І тут також є різниця в віці?
"Ja, ja. Der er en meget stor kløft. De forstår det ikke, de gamle. Hvad fanden telefoner bruges til. Altså andet end bare at ringe og være på facebook.  Så helt sikkert, er der en kæmpe alders kløft og forståelse for, hvad telefoniske apparater kan bruges til. Så det får i et problem med, med de gamle her (alle griner).","Yeah, yeah. There's a huge gap. The older ones don't understand it. What the hell are phones used for? Besides just making calls and being on Facebook. So, definitely, there's a huge age gap and understanding of what telephone devices can be used for. So it's a problem with the older folks here. (everyone laughs)","Так, так. Тут велика різниця. Старші не розуміють цього. Для чого взагалі використовуються телефони? Окрім того, щоб телефонувати і бути на Facebook. Так що, безумовно, тут є велика різниця в віці та розумінні, для чого можуть використовуватися телефонні пристрої. Так що маємо проблему із старшим поколінням. (усі сміються)"
"Ja, men altså vi har egentlig fået dækket vores faste spørgsmål. Så jeg vil egentlig prøve at spørge lidt mere løsningsorienteret nu, altså hvis vi nu skulle gå helt konkret til en digital løsning der forbedrer kommunikation med patienter der ikke snakker dansk eller engelsk. Du siger, der er et område hvor du ikke vil bruge Google Translate, når det er, at der er noget ret vigtigt som skal oversættes rigtigt. Hvad skal der til for at du tør stole på et værktøj, der kan oversætte?","Yeah, but, I mean, we've actually covered our regular questions. So, I actually want to try asking a bit more solution-oriented now, so if we were to go very specifically to a digital solution that improves communication with patients who don't speak Danish or English. You say there's an area where you wouldn't use Google Translate, when there's something quite important that needs to be translated correctly. What would it take for you to trust a tool that can translate?","Так, але, ми вже охопили наші звичайні питання. Так що я хочу спробувати задати трохи більше питань, спрямованих на пошук конкретних рішень, перейдемо до обговорення конкретного цифрового рішення, яке покращує спілкування з пацієнтами, які не говорять датською чи англійською мовами. Ви кажете, що є область, де ви б не використовували Google Translate, коли потрібно правильно перекласти щось досить важливе. Що потрібно зробити, щоб ви довірилися засобу, який може перекладати?"
"Det er fandme svært. Fordi altså, jeg ville jo allerhelst kunne kommunikere med patienterne anytime. Men det er jo svært når de ikke forstår hvad jeg siger. Men det er nok også bare fordi Google Translate kun kan skrive, eller man kan måske også indtale, det er jeg ikke helt sikker på hvordan fungere, men altså. Om den oversætter, det har jeg ingen ide om. Så et gennemtestet apparat, der kunne oversætte, jeg ved ikke, ja.","It's damn difficult. Because, I mean, I would prefer to be able to communicate with the patients anytime. But it's difficult when they don't understand what I'm saying. But it's probably also because Google Translate can only write, or maybe you can also speak, I'm not entirely sure how it works, but I mean. Whether it translates, I have no idea. So a thoroughly tested device that could translate, I don't know, yeah.","Це дуже складно. Тому що я б хотіла мати можливість спілкуватися з пацієнтами у будь-яку мить. Але це складно, коли вони не розуміють, що я говорю. Але, мабуть, також через те, що Google Translate може лише писати. Можливо, також можна говорити, я не знаю, як це працює, чи він перекладає, чи ні. Тому пристрій, який був би добре протестований, і міг би перекладати, напевне так."
"Ja, ja. Så altså, at apparat der ka noversætte medicinske udtryk?","Yeah, yeah. So, I mean, a device that can translate medical terms?","Так, так. Пристрій, який може перекладати медичні терміни?"
"Ja, altså jeg tænker også lidt et, der skal kunne tale til patienterne. Fordi hvis at patienter hæver op i ansigtet, og ikke kan læse lige pludselig, altså det, så noget der kan tale til patienterne på en eller anden måde. Eventuelt noget visuelt, hvis man ikke kan høre noget lige pludselig. Altså jeg ved det ikke.","Yeah, well, I'm also thinking a bit about one that should be able to speak to the patients. Because if patients suddenly raise their eyebrows and can't read, you know, something that can speak to the patients in some way. Maybe something visual if you can't hear anything suddenly. I mean, I don't know.","Так, ну, я також думаю, що він повинен давати можливість голосового спілкування з пацієнтами. Тому що, якщо раптово пацієнти дивуються і не можуть прочитати, знаєте, щось, що може спілкуватися з пацієнтами голосом. Можливо, щось візуальне, якщо раптом вони нічого не можуть почути. "
"Så, altså lidt fleksibelt.","So, a bit flexible.","Так, трохи гнучкості"
"Ja, ja, det tænker jeg. ","Yeah, yeah, that's what I think.","Так, саме так."
"Er der nogle områder, altså nu er du i CT, men er der nogle områder du godt kunne se der er nogle ting der kunne digitaliseres, måske nogle formaliteter eller noget, noget der står på skrift nogle steder, altså noget der er meget u-tvetydigt eller noget, sådan noget som medicinske og latinske termer er lidt svært at…","Are there any areas, I mean, now you're in CT, but are there any areas where you could see some things that could be digitized, maybe some formalities or something, something written somewhere, you know, something that's very unambiguous or something, such as medical and Latin terms are a bit difficult to...","Чи є які-небудь задачі, я маю на увазі, зараз ви займаєтеся КТ, але чи є які-небудь задачі, де щось можна було б цифрувати, можливо, деякі формальності чи щось записане, щось дуже однозначне, як медичні та латинські терміни трохи складні для..."
Det fattede jeg ikke (alle griner).,I didn't get that (everyone laughs).,Я не зрозумла (усі сміються).
"Ja, jamen for eksempel, at spørge om sukkersyge for eksempel, er det en proces der kunne digitaliseres? ","Yeah, well, for example, asking about diabetes, for example, is that a process that could be digitized?","Так, ну, наприклад, запитання про діабет, наприклад, чи це процес, який можна було б оцифрувати?"
"Ja, man kan jo sikkert få dem udspurgt, inden de kommer ind til os. Giv dem et spørgeskema eller noget. Ja.","Yeah, you could probably question them before they come to us. Give them a questionnaire or something. Yeah.","Так, ви, мабуть, могли би їх запитати, перш ніж вони прийдуть до нас. Дати їм анкету чи щось подібне. Так."
Så det ville du kunne stole på?,So you could trust that?,Так що ви б могли довіряти цьому?
"Ja måske, men altså jeg tror sgu ikke jeg stoler på så mange andre end mig selv og mine kolleger med så vigtige spørgsmål. Altså hvordan kan jeg være sikker på at patienten har forstået spørgsmålet korrekt? Hvis det skulle være noget de krydser af på skema eller på en tablet inden de kommer ind til mig? Altså har de læst det forkert?","Yeah, maybe, but you know, I don't really trust many others than myself and my colleagues with such important questions. I mean, how can I be sure that the patient has understood the question correctly? If it's something they check off on a form or on a tablet before they come to me? I mean, have they read it wrong?","Так, можливо, але, знаєте, я не дуже довіряю комусь, крім себе і моїх колег, з такими важливими питаннями. Я маю на увазі, як я можу бути впевнена, що пацієнт правильно зрозумів питання? Якщо це щось, що вони позначають у формі чи на планшеті, перш ніж прийти до мене? Я маю на увазі, чи вони не помилилися в прочитанні?"
"Mmh, så du føler sådan et afkrydsningsskema er lidt ligegyldigt fordi der stadig vil være den der usikkerhed om de nu har forstået spørgsmålet korrekt?","Mmh, so you feel like a checkbox form is a bit pointless because there will still be that uncertainty about whether they've understood the question correctly?","Тому ви відчуваєте, що форма з галочками не має сенсу, оскільки все ще буде невизначеність щодо того, чи вони правильно зрозуміли питання?"
"Ja, altså, nu ser jeg meget sådan noget Border Control, prøv at se alle de kinesere der rejser ind i Australien, de har krydset af “Nej, nej, vi har ikke noget frugt eller noget med i min taske"". Og så har de frugt i tasken, ikke (alle griner). Jamen jeg kan jo ikke stole på hvad de krydser af. Og s,  nu når vi har tomrokdofolyse, så kan jeg jo stille dem et spørgsmål, og så kan de sige “Næh, jeg kan ikke tåle kontrast”. Og så kan lægen sige “Jamen jeg har lige spurgt”. Nå, jamen hvad så?","Yeah, well, you know, now I see a lot of that Border Control stuff, look at all the Chinese people traveling to Australia, they've checked off ""No, no, we don't have any fruit or anything in our bag."" And then they have fruit in their bag, you know (everyone laughs). Well, I can't trust what they check off. And so, now when we have thrombolytic therapy, I can ask them a question, and they can say ""No, I can't tolerate contrast."" And then the doctor can say ""But I just asked."" Well, what then?","Так, я бачила багато подібного на контролі при перетині кордону, подивіться на всіх цих китайців, які подорожують в Австралію, вони позначають ""Ні, ні, у нас немає жодних фруктів чи чогось в сумці"". І вони мають фрукти в сумці, ви ж розумієте (усі сміються). Я не можу довіряти їх позначкам. Тому, коли ми робимо тромболітичну терапію, я можу задати їм питання, і вони можуть сказати ""Ні, я не переношу контраст"", Але лікар може сказати ""Але я ж щойно про це питав"". Ну, що тоді?"
"Ok ja, ja, så der oplever du også, at uanset hvilket sprog man snakker, så kan det også godt opstå?","Okay yeah, so you also experience that regardless of which language they speak, it can still arise?","Добре, так ви думаєте, що незалежно від мови, якою вони говорять, це все одно може статися?"
"Ja, hvis de ikke har forstået, hvad det går ud på, altså hvad de bliver spurgt om.","Yeah, if they haven't understood what it's about, I mean what they're being asked.","Так, якщо вони не зрозуміли, про що йдеться, я маю на увазі, про що їх запитали."
"Ja, hvad så med, nu var vi inde på visual cues i forhold til at man kan vise, altså det ved jeg ikke, små videoer, lige som “nu skal du lægge hånden her” og så videre.","Yeah, what about, now we touched on visual cues in terms of showing, you know, small videos, like ""now you need to place your hand here"" and so on.","Так, а як щодо візуальних підказок - знаєте, коротких відео по типу ""зараз вам потрібно поставити руку тут"" і так далі."
"Ja altså, det kunne da godt være. Altså, patienter, der aldrig nogensinde har prøvet en CT scanning, og så ligesom vise, at det faktisk ikke er super farligt det her. Det kunne måske godt skabe noget ro på en eller anden måde. Man gør det jo meget over for børn. Det kunne måske godt bruges ja.","Yeah well, that could be good. I mean, patients who have never tried a CT scan, and sort of showing that it's actually not super dangerous. That could maybe create some calm in some way. It's often done for children. That could maybe be useful, yeah.","Так, це може спрацювати. Показати пацієнти, які ніколи не пробували КТ, що це насправді цілком безпечно. Це може створити якусь спокійну атмосферу. Часто це робиться для дітей. Це може бути корисно, так."
"Så du tænker sådan, inden de står inde i scanneren?","So you're thinking like, before they enter the scanner?","Так, ви думаєте, краще перед входом до сканера?"
Mmh,Mmh,Ммм
"Tidligere interviewede vi en kollega, der sagde, at i MR kan det være meget voldsomt at komme ind og se sådan en stor ting. Ville det kunne hjælpe på situationen i nogle tilfælde at patienterne har set visuelt hvad der er, der skal foregå inden, altså uanset sprog og så videre?","Earlier, we interviewed a colleague who said that in MR, it can be quite overwhelming to come in and see such a big thing. Would it help in some cases for patients to have seen visually what's going to happen beforehand, regardless of language and so on?","Раніше ми інтерв'ювали колегу, який сказав, що може бути досить складно увійти в МР і побачити таку здоровенну штуку. Чи допоможе в деяких випадках пацієнтам заздалегідь побачити візуально, що відбудеться, незалежно від мови і так далі?"
"Ja, helt sikkert. Også hvis man kan på en eller anden måde forberede dem på, at de skal have kontrast. Altså nogle gange aner de jo ikke at jeg skal stikke dem i armen. Så bliver de forskrækket over det. Så det tror jeg da helt sikkert for at kunne tage lidt toppen af det der, også fordi vores maskine er jo også gigantisk, ikke. Ja.","Yes, definitely. Also, if somehow we can prepare them for needing contrast. Sometimes they have no idea that I'm going to prick their arm. So they get startled by it. So I definitely think it could help to take the edge off that, also because our machine is gigantic, you know. Yeah.","Так, безумовно. Також, якщо ми можемо якось підготувати їх до необхідності контрасту. Іноді вони поняття не мають, що я проштрихну їм руку. Тому вони лякаються цього. Тому я безумовно думаю, що це може допомогти зняти напругу, також тому, що наша машина величезна. Так."
Cool. Jeg har ikke flere spørgsmål.,Cool. I don't have any more questions.,
" Øhm, nu har vi talt om potentielle apparater og sådan, øhm, så altså, det der ville virke for dig er, at hvis der er nogen med medicinsk baggrund der har godkendt apparatet?","Uh, now we've talked about potential devices and such, uh, so, what would work for you is if someone with a medical background has approved the device, right?","Ну, ми вже поговорили про можливі пристрої і так далі, так що для вас спрацює, якщо хтось з медичною освітою затвердить пристрій для використання, правда?"
"Ja, det tænker jeg helt sikkert. Det ville give en eller anden troværdighed. Og så være sikker på, at de begreber og de udtryk, også er det, der bliver oversat til arabisk, og whatever. Ja. Øhm, ja, det ville da give noget helt bestemt.","Yeah, I definitely think so. That would provide some credibility. And also, to be sure that the concepts and expressions are translated accurately into Arabic, and whatever else. Yeah. Uh, yeah, that would definitely provide something specific.","Так, я безумовно так думаю. Це забезпечило б певну довіру. І також, впевненість, що поняття та вирази перекладені точно на арабську чи будь-яку іншу мову. Так. Так, це безумовно забезпечило б щось конкретне."
"Ja, nu, øhm. Ja, nu har jeg lige tabt den. Øhm (alle griner).","Yeah, now, uh. Yeah, now I just lost it. Uh (everyone laughs).","Так, тепер... Так, тепер я просто забув.  (усі сміються)."
Ta’ den fra starten.,Start over,Почніть знову.
"Nå, det har jeg sgu glemt. Nej, men, det var det der med, at hvis man har et apparat der er certificeret og gennemtestet, nu kan jeg huske det, altså hvis din profession var blevet inddraget, så ville du altså kunne stole på sådan et apparat?","Well, I forgot it. No, but, it was about if you have a device that is certified and thoroughly tested, now I remember it, so if your profession had been involved, then you would be able to trust such a device, right?","Ну, я забув. Ні, але, це було про те, якщо у вас є пристрій, який сертифіковано і повністю протестовано, зараз я пригадую, і він стосувався би вашої професії, тоді ви довірилися б такому пристрою, правда?"
"Ja, mh, ja, 100. Altså hvis der var en radiograf, de havde indtalt alt, så ja, 100 procent. De ved lige præcis hvad vi laver her. Helt sikkert.","Yeah, uh, yeah, 100 percent. I mean, if there was a radiographer involved in recording everything, then yes, 100 percent. They know exactly what we do here. Absolutely.","Так, на 100 відсотків. Я маю на увазі, якщо б в цьому був залучений рентгенолог для запису всього, то так, на 100 відсотків. Вони точно знають, що ми робимо тут. Зовсім точно."
Cool. Tusind tak.,Cool. Thank you very much.,Чудово. Дуже вдячний.
Selv tusind tak. Ja.,Thank you too. Yeah.,Дякую вам також. Так.
